1,Sydney,Hotel Creek,Standard,1 - One,12/6/2018,19/6/2018,1 - One,1 - One,AUD $ 125,AUD $ 885
2,Melbourne,Hotel Sunshine,Double,2 - Two,12/6/2018,19/6/2018,2 - Two,2 - Two,AUD $ 275,AUD $ 1935
3,Brisbane,Hotel Hervey,Deluxe,3 - Three,12/6/2018,19/6/2018,3 - Three,3 - Three,AUD $ 350,AUD $ 2460
4,Adelaide,Hotel Cornice,Super Deluxe,4 - Four,12/6/2018,19/6/2018,4 - Four,4 - Four,AUD $ 400,AUD $ 2810
5,London,Hotel Creek,Standard,5 - Five,12/6/2018,19/6/2018,1 - One,1 - One,AUD $ 125,AUD $ 885
